{"cameraMode":{"drawMode":0,"name":"Shaded","section":"Shading Mode"},"sceneLighting":true,"audioPlay":false,"sceneViewState":{"showFog":true,"showMaterialUpdate":false,"showSkybox":true,"showFlares":true,"showImageEffects":true,"showParticleSystems":true},"in2DMode":false,"pivot":{"x":-9.157567977905274,"y":-7.590129852294922,"z":-13.382928848266602},"rotation":{"x":-0.04736591503024101,"y":0.949762225151062,"z":-0.17755107581615449,"w":-0.2533680200576782},"size":24.460107803344728,"orthographic":false}